state,key,code,r,d,rp,dp,p
KY,Adair,21001,"4,900","2,023",0.684,0.282,99
KY,Allen,21003,"4,410","1,875",0.672,0.286,99
KY,Anderson,21005,"5,164","3,158",0.587,0.359,99
KY,Ballard,21007,"2,249","1,223",0.626,0.341,99
KY,Barren,21009,"8,268","5,091",0.592,0.365,99
KY,Bath,21011,"1,777","1,890",0.463,0.493,99
KY,Bell,21013,"5,757","2,206",0.698,0.267,99
KY,Boone,21015,"23,191","9,779",0.678,0.286,99
KY,Bourbon,21017,"3,396","2,846",0.524,0.439,99
KY,Boyd,21019,"7,264","6,840",0.496,0.467,99
KY,Boyle,21021,"5,437","3,892",0.565,0.405,99
KY,Bracken,21023,"1,575",898,0.612,0.349,99
KY,Breathitt,21025,"2,430","2,062",0.522,0.443,99
KY,Breckinridge,21027,"4,120","2,830",0.571,0.392,99
KY,Bullitt,21029,"14,717","8,847",0.605,0.364,99
KY,Butler,21031,"2,873","1,085",0.705,0.266,99
KY,Caldwell,21033,"3,089","1,743",0.614,0.347,99
KY,Calloway,21035,"7,263","4,676",0.586,0.377,99
KY,Campbell,21037,"17,607","10,971",0.593,0.369,99
KY,Carlisle,21039,"1,386",777,0.627,0.351,99
KY,Carroll,21041,"1,683","1,649",0.488,0.478,99
KY,Carter,21043,"4,479","3,748",0.521,0.436,99
KY,Casey,21045,"3,699","1,174",0.734,0.233,99
KY,Christian,21047,"9,316","5,516",0.61,0.361,99
KY,Clark,21049,"7,131","4,882",0.573,0.392,99
KY,Clay,21051,"4,597","1,325",0.75,0.216,99
KY,Clinton,21053,"3,156",838,0.765,0.203,99
KY,Crittenden,21055,"2,283",953,0.679,0.283,99
KY,Cumberland,21057,"2,079",778,0.697,0.261,99
KY,Daviess,21059,"18,228","13,433",0.558,0.411,99
KY,Edmonson,21061,"2,731","1,370",0.645,0.324,99
KY,Elliott,21063,898,"1,153",0.421,0.541,99
KY,Estill,21065,"2,881","1,588",0.618,0.341,99
KY,Fayette,21067,"44,073","50,332",0.455,0.519,99
KY,Fleming,21069,"2,863","1,920",0.581,0.389,99
KY,Floyd,21071,"6,914","5,734",0.529,0.438,99
KY,Franklin,21073,"8,329","10,534",0.423,0.535,99
KY,Fulton,21075,"1,087",804,0.557,0.412,99
KY,Gallatin,21077,"1,530","1,028",0.577,0.388,99
KY,Garrard,21079,"3,764","1,562",0.684,0.284,99
KY,Grant,21081,"4,126","1,938",0.651,0.306,99
KY,Graves,21083,"8,365","4,359",0.638,0.332,99
KY,Grayson,21085,"5,048","2,553",0.64,0.324,99
KY,Green,21087,"3,198","1,454",0.665,0.302,99
KY,Greenup,21089,"6,077","5,378",0.514,0.455,99
KY,Hancock,21091,"1,882","1,707",0.506,0.459,99
KY,Hardin,21093,"17,551","11,975",0.575,0.392,99
KY,Harlan,21095,"6,461","2,199",0.72,0.245,99
KY,Harrison,21097,"3,228","2,243",0.557,0.387,99
KY,Hart,21099,"3,296","2,248",0.571,0.39,99
KY,Henderson,21101,"7,119","6,479",0.51,0.464,99
KY,Henry,21103,"3,281","2,382",0.559,0.406,99
KY,Hickman,21105,"1,156",707,0.6,0.367,99
KY,Hopkins,21107,"10,405","5,087",0.652,0.319,99
KY,Jackson,21109,"3,555",856,0.779,0.188,99
KY,Jefferson,21111,"108,778","144,749",0.421,0.56,99
KY,Jessamine,21113,"10,822","5,567",0.633,0.326,99
KY,Johnson,21115,"5,608","2,152",0.694,0.266,99
KY,Kenton,21117,"28,297","16,660",0.608,0.358,99
KY,Knott,21119,"2,578","1,661",0.594,0.383,99
KY,Knox,21121,"6,977","2,951",0.683,0.289,99
KY,Larue,21123,"2,966","1,608",0.626,0.339,99
KY,Laurel,21125,"12,613","3,997",0.738,0.234,99
KY,Lawrence,21127,"3,128","1,842",0.605,0.356,99
KY,Lee,21129,"1,729",799,0.659,0.304,99
KY,Leslie,21131,"3,513",684,0.818,0.159,99
KY,Letcher,21133,"4,787","2,495",0.635,0.331,99
KY,Lewis,21135,"2,383",951,0.695,0.277,99
KY,Lincoln,21137,"4,565","2,590",0.614,0.349,99
KY,Livingston,21139,"2,374","1,389",0.609,0.357,99
KY,Logan,21141,"4,719","2,706",0.616,0.353,99
KY,Lyon,21143,"2,096","1,425",0.576,0.392,99
KY,McCracken,21145,"15,043","8,262",0.63,0.346,99
KY,McCreary,21147,"3,508","1,275",0.701,0.255,99
KY,McLean,21149,"2,217","1,457",0.585,0.385,99
KY,Madison,21151,"15,472","10,407",0.576,0.388,99
KY,Magoffin,21153,"3,662","2,523",0.578,0.398,99
KY,Marion,21155,"2,498","3,267",0.423,0.553,99
KY,Marshall,21157,"7,886","4,977",0.593,0.374,99
KY,Martin,21159,"3,077",925,0.743,0.223,99
KY,Mason,21161,"3,279","2,192",0.583,0.39,99
KY,Meade,21163,"5,123","3,793",0.555,0.411,99
KY,Menifee,21165,"1,183","1,291",0.459,0.501,99
KY,Mercer,21167,"4,901","2,602",0.619,0.329,99
KY,Metcalfe,21169,"2,294","1,550",0.569,0.384,99
KY,Monroe,21171,"3,472","1,021",0.742,0.218,99
KY,Montgomery,21173,"4,711","3,837",0.53,0.432,99
KY,Morgan,21175,"2,230","1,817",0.528,0.43,99
KY,Muhlenberg,21177,"5,192","4,249",0.536,0.438,99
KY,Nelson,21179,"7,663","6,883",0.512,0.46,99
KY,Nicholas,21181,"1,005","1,147",0.448,0.511,99
KY,Ohio,21183,"5,460","3,236",0.608,0.36,99
KY,Oldham,21185,"15,049","7,746",0.644,0.331,99
KY,Owen,21187,"2,495","1,383",0.615,0.341,99
KY,Owsley,21189,"1,458",574,0.689,0.271,99
KY,Pendleton,21191,"2,715","1,304",0.639,0.307,99
KY,Perry,21193,"6,179","3,098",0.643,0.322,99
KY,Pike,21195,"11,840","6,531",0.627,0.346,99
KY,Powell,21197,"2,156","2,022",0.49,0.46,99
KY,Pulaski,21199,"15,610","5,263",0.723,0.244,99
KY,Robertson,21201,459,314,0.578,0.395,99
KY,Rockcastle,21203,"3,803","1,122",0.746,0.22,99
KY,Rowan,21205,"3,453","3,667",0.467,0.496,99
KY,Russell,21207,"4,779","1,685",0.709,0.25,99
KY,Scott,21209,"9,371","6,767",0.556,0.402,99
KY,Shelby,21211,"9,220","5,525",0.609,0.365,99
KY,Simpson,21213,"2,738","1,887",0.573,0.395,99
KY,Spencer,21215,"4,766","2,445",0.639,0.328,99
KY,Taylor,21217,"6,119","3,271",0.633,0.338,99
KY,Todd,21219,"2,367","1,179",0.641,0.319,99
KY,Trigg,21221,"3,328","1,765",0.632,0.335,99
KY,Trimble,21223,"1,678","1,282",0.551,0.421,99
KY,Union,21225,"3,171","1,824",0.618,0.356,99
KY,Warren,21227,"19,460","12,671",0.587,0.382,99
KY,Washington,21229,"2,655","1,775",0.58,0.388,99
KY,Wayne,21231,"4,229","2,343",0.615,0.341,99
KY,Webster,21233,"2,854","1,512",0.634,0.336,99
KY,Whitley,21235,"6,879","2,485",0.712,0.257,99
KY,Wolfe,21237,"1,134","1,180",0.475,0.494,99
KY,Woodford,21239,"5,573","4,470",0.536,0.43,99
IA,Adair,19001,"1,965",986,0.628,0.315,95
IA,Adams,19003,"1,106",493,0.658,0.293,95
IA,Allamakee,19005,"2,759","2,173",0.528,0.416,95
IA,Appanoose,19007,"2,522","1,589",0.556,0.35,95
IA,Audubon,19009,"1,458",850,0.603,0.352,95
IA,Benton,19011,"5,875","3,927",0.575,0.385,95
IA,Black Hawk,19013,"20,933","24,041",0.452,0.519,95
IA,Boone,19015,"5,595","4,387",0.536,0.42,95
IA,Bremer,19017,"5,478","4,195",0.546,0.418,95
IA,Buchanan,19019,"3,941","3,534",0.501,0.449,95
IA,Buena Vista,19021,"3,514","2,023",0.604,0.348,95
IA,Butler,19023,"3,625","1,943",0.628,0.336,95
IA,Calhoun,19025,"2,540","1,256",0.637,0.315,95
IA,Carroll,19027,"4,725","2,904",0.589,0.362,95
IA,Cass,19029,"3,287","1,528",0.657,0.305,95
IA,Cedar,19031,"4,006","2,968",0.55,0.407,95
IA,Cerro Gordo,19033,"7,590","8,881",0.446,0.522,95
IA,Cherokee,19035,"3,035","1,509",0.629,0.313,95
IA,Chickasaw,19037,"2,620","2,039",0.532,0.414,95
IA,Clarke,19039,"1,861","1,195",0.572,0.367,95
IA,Clay,19041,"3,781","1,889",0.634,0.317,95
IA,Clayton,19043,"3,784","2,878",0.543,0.413,95
IA,Clinton,19045,"8,039","8,317",0.469,0.485,95
IA,Crawford,19047,"2,881","1,542",0.614,0.329,95
IA,Dallas,19049,"17,191","10,746",0.596,0.372,95
IA,Davis,19051,"1,726","1,024",0.594,0.352,95
IA,Decatur,19053,"1,496",857,0.578,0.331,95
IA,Delaware,19055,"4,046","2,610",0.587,0.378,95
IA,Des Moines,19057,"6,314","6,790",0.465,0.5,95
IA,Dickinson,19059,"4,558","2,431",0.629,0.336,95
IA,Dubuque,19061,"16,351","18,313",0.453,0.507,95
IA,Emmet,19063,"1,973","1,229",0.566,0.353,95
IA,Fayette,19065,"4,046","3,448",0.518,0.441,95
IA,Floyd,19067,"2,723","3,011",0.454,0.502,95
IA,Franklin,19069,"2,467","1,217",0.633,0.312,95
IA,Fremont,19071,"1,510",797,0.624,0.329,95
IA,Greene,19073,"2,063","1,367",0.57,0.378,95
IA,Grundy,19075,"3,621","1,514",0.682,0.285,95
IA,Guthrie,19077,"2,735","1,366",0.63,0.315,95
IA,Hamilton,19079,"3,376","2,033",0.594,0.358,95
IA,Hancock,19081,"2,643","1,518",0.607,0.349,95
IA,Hardin,19083,"4,036","2,344",0.602,0.35,95
IA,Harrison,19085,"3,068","1,648",0.619,0.333,95
IA,Henry,19087,"4,011","2,317",0.605,0.349,95
IA,Howard,19089,"1,502","1,706",0.446,0.507,95
IA,Humboldt,19091,"2,564","1,135",0.663,0.294,95
IA,Ida,19093,"1,872",709,0.694,0.263,95
IA,Iowa,0,"3,921","2,520",0.584,0.375,95
IA,Jackson,19097,"3,763","3,370",0.495,0.443,95
IA,Jasper,19099,"7,779","6,350",0.521,0.425,95
IA,Jefferson,19101,"2,760","3,223",0.44,0.513,95
IA,Johnson,19103,"16,652","33,597",0.322,0.649,95
IA,Jones,19105,"4,088","3,319",0.529,0.429,95
IA,Keokuk,19107,"2,371","1,154",0.644,0.314,95
IA,Kossuth,19109,"4,001","2,261",0.609,0.344,95
IA,Lee,19111,"4,908","5,248",0.463,0.495,95
IA,Linn,19113,"38,908","43,690",0.454,0.51,95
IA,Louisa,19115,"2,014","1,205",0.597,0.357,95
IA,Lucas,19117,"1,944","1,027",0.612,0.323,95
IA,Lyon,19119,"3,618",586,0.841,0.136,95
IA,Madison,19121,"3,956","2,211",0.609,0.34,95
IA,Mahaska,19123,"5,309","2,079",0.686,0.269,95
IA,Marion,19125,"8,357","4,361",0.63,0.329,95
IA,Marshall,19127,"7,021","5,967",0.519,0.441,95
IA,Mills,19129,"3,275","1,375",0.669,0.281,95
IA,Mitchell,19131,"2,112","1,867",0.512,0.453,95
IA,Monona,19133,"2,169","1,271",0.583,0.342,95
IA,Monroe,19135,"1,746",968,0.604,0.335,95
IA,Montgomery,19137,"2,794",890,0.738,0.235,95
IA,Muscatine,19139,"6,738","5,605",0.52,0.433,95
IA,O'Brien,19141,"4,146","1,093",0.765,0.202,95
IA,Osceola,19143,"1,680",399,0.777,0.185,95
IA,Page,19145,"3,407","1,266",0.708,0.263,95
IA,Palo Alto,19147,"2,047","1,361",0.567,0.377,95
IA,Plymouth,19149,"6,663","2,178",0.726,0.237,95
IA,Pocahontas,19151,"1,868",823,0.659,0.29,95
IA,Polk,19153,"75,491","82,612",0.46,0.504,95
IA,Pottawattamie,19155,"15,103","9,686",0.577,0.37,95
IA,Poweshiek,19157,"3,677","3,411",0.497,0.461,95
IA,Ringgold,19159,"1,294",613,0.625,0.296,95
IA,Sac,19161,"2,499","1,102",0.658,0.29,95
IA,Scott,19163,"30,514","29,081",0.496,0.473,95
IA,Shelby,19165,"2,919","1,171",0.687,0.276,95
IA,Sioux,19167,"11,550","1,462",0.87,0.11,95
IA,Story,19169,"15,102","16,104",0.465,0.496,95
IA,Tama,19171,"3,492","2,807",0.53,0.426,95
IA,Taylor,19173,"1,507",584,0.692,0.268,95
IA,Union,19175,"2,544","1,492",0.599,0.351,95
IA,Van Buren,19177,"1,755",943,0.619,0.333,95
IA,Wapello,19179,"5,310","4,978",0.489,0.458,95
IA,Warren,19181,"10,851","7,774",0.558,0.4,95
IA,Washington,19183,"4,766","3,071",0.582,0.375,95
IA,Wayne,19185,"1,340",701,0.622,0.325,95
IA,Webster,19187,"6,979","5,360",0.538,0.413,95
IA,Winnebago,19189,"2,227","1,761",0.532,0.421,95
IA,Winneshiek,19191,"3,956","3,932",0.48,0.477,95
IA,Woodbury,19193,"16,926","11,526",0.564,0.384,95
IA,Worth,19195,"1,381","1,555",0.449,0.505,95
IA,Wright,19197,"2,846","1,502",0.626,0.33,95
GA,Appling,13001,"3,295",1058,0.742,0.238,90
GA,Atkinson,13003,"1,070",500,0.658,0.308,90
GA,Bacon,13005,"1,766",395,0.795,0.178,90
GA,Baker,13007,484,484,0.488,0.488,90
GA,Baldwin,13009,"4,995",5447,0.47,0.513,90
GA,Banks,13011,"3,591",622,0.831,0.144,90
GA,Barrow,13013,"11,983",3743,0.739,0.231,90
GA,Bartow,13015,"16,823",5433,0.736,0.238,90
GA,Ben Hill,13017,"2,042",1400,0.582,0.399,90
GA,Berrien,13019,"2,961",872,0.75,0.221,90
GA,Bibb,13021,"17,558",24833,0.409,0.579,90
GA,Bleckley,13023,"2,334",872,0.713,0.266,90
GA,Brantley,13025,"2,455",465,0.821,0.156,90
GA,Brooks,13027,"2,553",1995,0.553,0.432,90
GA,Bryan,13029,"5,626",2216,0.703,0.277,90
GA,Bulloch,13031,"8,303",4844,0.621,0.362,90
GA,Burke,13033,"2,798",3054,0.47,0.514,90
GA,Butts,13035,"4,138",1880,0.672,0.305,90
GA,Calhoun,13037,617,825,0.423,0.565,90
GA,Camden,13039,"6,632",3065,0.672,0.311,90
GA,Candler,13043,"1,458",717,0.659,0.324,90
GA,Carroll,13045,"17,614",7838,0.673,0.3,90
GA,Catoosa,13047,"10,683",2854,0.767,0.205,90
GA,Charlton,13049,"1,396",584,0.69,0.289,90
GA,Chatham,13051,"29,337",36202,0.44,0.543,90
GA,Chattahoochee,13053,336,349,0.477,0.495,90
GA,Chattooga,13055,"3,136",1466,0.654,0.306,90
GA,Cherokee,13057,"51,088",14108,0.763,0.211,90
GA,Clarke,13059,"8,362",16729,0.326,0.653,90
GA,Clay,13061,399,535,0.422,0.566,90
GA,Clayton,13063,"9,347",52813,0.149,0.84,90
GA,Clinch,13065,813,339,0.693,0.289,90
GA,Cobb,13067,"117,950",90276,0.554,0.424,90
GA,Coffee,13069,"5,413",2654,0.655,0.321,90
GA,Colquitt,13071,"5,796",2081,0.721,0.259,90
GA,Columbia,13073,"28,643",10757,0.714,0.268,90
GA,Cook,13075,"2,320",1170,0.65,0.328,90
GA,Coweta,13077,"26,122",10250,0.7,0.275,90
GA,Crawford,13079,"2,109",1118,0.642,0.341,90
GA,Crisp,13081,"3,125",1865,0.617,0.368,90
GA,Dade,13083,"2,572",724,0.754,0.212,90
GA,Dawson,13085,"6,086",1081,0.834,0.148,90
GA,Decatur,13087,"3,456",2516,0.57,0.415,90
GA,DeKalb,13089,"42,927",165803,0.203,0.783,90
GA,Dodge,13091,"3,400",1657,0.654,0.319,90
GA,Dooly,13093,"1,323",1361,0.488,0.502,90
GA,Dougherty,13095,"7,532",15911,0.318,0.672,90
GA,Douglas,13097,"17,396",19537,0.461,0.518,90
GA,Early,13099,"1,646",1509,0.517,0.474,90
GA,Echols,13101,513,96,0.823,0.154,90
GA,Effingham,13103,"9,332",3030,0.739,0.24,90
GA,Elbert,13105,"2,971",1690,0.629,0.358,90
GA,Emanuel,13107,"3,216",1694,0.643,0.339,90
GA,Evans,13109,"1,369",758,0.632,0.35,90
GA,Fannin,13111,"5,235",1542,0.756,0.223,90
GA,Fayette,13113,"26,162",15342,0.619,0.363,90
GA,Floyd,13115,"13,855",6422,0.664,0.308,90
GA,Forsyth,13117,"46,425",10648,0.795,0.182,90
GA,Franklin,13119,"3,784",839,0.8,0.177,90
GA,Fulton,13121,"89,844",171504,0.339,0.647,90
GA,Gilmer,13123,"6,093",1587,0.774,0.202,90
GA,Glascock,13125,644,135,0.805,0.169,90
GA,Glynn,13127,"13,487",6509,0.666,0.322,90
GA,Gordon,13129,"7,701",2223,0.748,0.216,90
GA,Grady,13131,"3,564",1874,0.642,0.337,90
GA,Greene,13133,"4,106",2344,0.629,0.359,90
GA,Gwinnett,13135,"107,522",86369,0.543,0.436,90
GA,Habersham,13137,"7,622",1763,0.79,0.183,90
GA,Hall,13139,"33,541",9194,0.765,0.21,90
GA,Hancock,13141,481,1917,0.199,0.794,90
GA,Haralson,13143,"5,255",1315,0.77,0.193,90
GA,Harris,13145,"7,301",2878,0.705,0.278,90
GA,Hart,13147,"4,667",1946,0.69,0.288,90
GA,Heard,13149,"1,802",617,0.724,0.248,90
GA,Henry,13151,"30,933",31340,0.488,0.494,90
GA,Houston,13153,"22,846",14300,0.605,0.379,90
GA,Irwin,13155,"1,604",688,0.687,0.295,90
GA,Jackson,13157,"12,719",2898,0.794,0.181,90
GA,Jasper,13159,"2,561",1213,0.664,0.315,90
GA,Jeff Davis,13161,"2,189",732,0.731,0.244,90
GA,Jefferson,13163,"2,014",2486,0.443,0.547,90
GA,Jenkins,13165,"1,120",786,0.578,0.406,90
GA,Johnson,13167,"1,539",742,0.665,0.321,90
GA,Jones,13169,"4,978",3014,0.612,0.37,90
GA,Lamar,13171,"3,194",1698,0.638,0.339,90
GA,Lanier,13173,875,505,0.617,0.356,90
GA,Laurens,13175,"7,902",4865,0.61,0.375,90
GA,Lee,13177,"6,631",2134,0.744,0.239,90
GA,Liberty,13179,"3,257",5614,0.361,0.623,90
GA,Lincoln,13181,"1,713",888,0.643,0.333,90
GA,Long,13183,"1,257",822,0.587,0.384,90
GA,Lowndes,13185,"12,238",8395,0.586,0.402,90
GA,Lumpkin,13187,"5,812",1640,0.756,0.213,90
GA,Macon,13193,"3,611",2347,0.596,0.387,90
GA,Madison,13195,"2,085",1685,0.541,0.437,90
GA,Marion,13197,"1,017",1983,0.334,0.651,90
GA,McDuffie,13189,"5,549",1809,0.732,0.239,90
GA,McIntosh,13191,"1,145",995,0.527,0.458,90
GA,Meriwether,13199,"3,188",2802,0.523,0.459,90
GA,Miller,13201,"1,064",340,0.746,0.238,90
GA,Mitchell,13205,"2,552",2369,0.511,0.474,90
GA,Monroe,13207,"5,907",2590,0.684,0.3,90
GA,Montgomery,13209,"1,612",636,0.702,0.277,90
GA,Morgan,13211,"4,339",1888,0.684,0.298,90
GA,Murray,13213,"4,621",1231,0.764,0.203,90
GA,Muscogee,13215,"16,578",24196,0.4,0.584,90
GA,Newton,13217,"13,648",14229,0.481,0.501,90
GA,Oconee,13219,"9,482",3745,0.699,0.276,90
GA,Oglethorpe,13221,"2,722",1298,0.661,0.315,90
GA,Paulding,13223,"25,048",10484,0.687,0.288,90
GA,Peach,13225,"3,723",3507,0.508,0.479,90
GA,Pickens,13227,"7,087",1586,0.797,0.178,90
GA,Pierce,13229,"3,345",568,0.845,0.143,90
GA,Pike,13231,"4,453",1033,0.791,0.184,90
GA,Polk,13233,"5,537",2196,0.687,0.272,90
GA,Pulaski,13235,"1,548",800,0.649,0.335,90
GA,Putnam,13237,"4,342",1865,0.688,0.296,90
GA,Quitman,13239,302,298,0.489,0.483,90
GA,Rabun,13241,"3,940",1381,0.721,0.253,90
GA,Randolph,13243,"1,013",1107,0.474,0.518,90
GA,Richmond,13245,"16,927",30641,0.351,0.635,90
GA,Rockdale,13247,"10,611",15682,0.398,0.588,90
GA,Schley,13249,928,319,0.73,0.251,90
GA,Screven,13251,"2,022",1697,0.535,0.449,90
GA,Seminole,13253,"1,385",802,0.621,0.359,90
GA,Spalding,13255,"10,231",6181,0.609,0.368,90
GA,Stephens,13257,"3,914",1139,0.754,0.219,90
GA,Stewart,13259,475,736,0.386,0.597,90
GA,Sumter,13261,"3,673",4248,0.459,0.53,90
GA,Talbot,13263,803,1312,0.371,0.607,90
GA,Taliaferro,13265,213,348,0.371,0.606,90
GA,Tattnall,13267,"2,927",1229,0.692,0.29,90
GA,Taylor,13269,"1,260",917,0.571,0.415,90
GA,Telfair,13271,"1,524",1168,0.555,0.426,90
GA,Terrell,13273,"1,441",1801,0.438,0.547,90
GA,Thomas,13275,"6,723",4151,0.611,0.377,90
GA,Tift,13277,"5,813",2539,0.685,0.299,90
GA,Toombs,13279,"3,924",1537,0.707,0.277,90
GA,Towns,13281,"3,067",1097,0.725,0.259,90
GA,Treutlen,13283,941,560,0.615,0.366,90
GA,Troup,13285,"9,352",6068,0.595,0.386,90
GA,Turner,13287,"1,334",906,0.586,0.398,90
GA,Twiggs,13289,"1,251",1613,0.428,0.552,90
GA,Union,13291,"5,873",1722,0.755,0.221,90
GA,Upson,13293,"4,580",2380,0.644,0.335,90
GA,Walker,13295,"9,330",2662,0.754,0.215,90
GA,Walton,13297,"20,060",5424,0.771,0.209,90
GA,Ware,13299,"4,696",1911,0.701,0.285,90
GA,Warren,13301,655,823,0.436,0.548,90
GA,Washington,13303,"2,836",3182,0.465,0.522,90
GA,Wayne,13305,"4,375",1676,0.705,0.27,90
GA,Webster,13307,429,332,0.554,0.428,90
GA,Wheeler,13309,924,572,0.604,0.374,90
GA,White,13311,"5,946",1511,0.774,0.197,90
GA,Whitfield,13313,"11,531",3807,0.729,0.241,90
GA,Wilcox,13315,"1,289",594,0.676,0.312,90
GA,Wilkes,13317,"1,689",1385,0.543,0.445,90
GA,Wilkinson,13319,"1,579",1570,0.494,0.492,90
GA,Worth,13321,"3,720",1375,0.714,0.264,90
NC,Alamance,37001,24132,17889,0.552,0.409,99.9
NC,Alexander,37003,7902,3079,0.669,0.261,99.9
NC,Alleghany,37005,2484,1352,0.597,0.325,99.9
NC,Anson,37007,2342,4124,0.35,0.616,99.9
NC,Ashe,37009,5636,3212,0.597,0.34,99.9
NC,Avery,37011,3699,1127,0.733,0.223,99.9
NC,Beaufort,37013,9718,7057,0.551,0.4,99.9
NC,Bertie,37015,2217,4043,0.345,0.63,99.9
NC,Bladen,37017,5029,5622,0.445,0.498,99.9
NC,Brunswick,37019,22728,15600,0.562,0.385,99.9
NC,Buncombe,37021,33733,49192,0.391,0.57,99.9
NC,Burke,37023,13968,8621,0.579,0.357,99.9
NC,Cabarrus,37025,29158,19900,0.569,0.388,99.9
NC,Caldwell,37027,13294,6241,0.636,0.298,99.9
NC,Camden,37029,1913,1132,0.607,0.359,99.9
NC,Carteret,37031,16431,7474,0.659,0.3,99.9
NC,Caswell,37033,3454,3381,0.49,0.48,99.9
NC,Catawba,37035,27351,14236,0.625,0.325,99.9
NC,Chatham,37037,11876,14933,0.43,0.541,99.9
NC,Cherokee,37039,6316,2678,0.674,0.286,99.9
NC,Chowan,37041,2803,2238,0.542,0.433,99.9
NC,Clay,37043,3003,1316,0.669,0.293,99.9
NC,Cleveland,37045,15484,10944,0.558,0.394,99.9
NC,Columbus,37047,7040,6871,0.473,0.462,99.9
NC,Craven,37049,17490,11905,0.573,0.39,99.9
NC,Cumberland,37051,30809,42493,0.407,0.561,99.9
NC,Currituck,37053,5016,2234,0.668,0.298,99.9
NC,Dare,37055,7175,5099,0.566,0.403,99.9
NC,Davidson,37057,28039,11068,0.687,0.271,99.9
NC,Davie,37059,9433,3709,0.687,0.27,99.9
NC,Duplin,37061,6815,5418,0.537,0.427,99.9
NC,Durham,37063,19628,70601,0.213,0.767,99.9
NC,Edgecombe,37065,5149,11421,0.303,0.673,99.9
NC,Forsyth,37067,49567,55505,0.459,0.513,99.9
NC,Franklin,37069,9743,9114,0.493,0.461,99.9
NC,Gaston,37071,32944,18937,0.607,0.349,99.9
NC,Gates,37073,1618,1640,0.485,0.491,99.9
NC,Graham,37075,2039,995,0.616,0.3,99.9
NC,Granville,37077,7339,8479,0.448,0.518,99.9
NC,Greene,37079,2906,2676,0.501,0.461,99.9
NC,Guilford,37081,68383,90796,0.419,0.557,99.9
NC,Halifax,37083,6088,10822,0.35,0.622,99.9
NC,Harnett,37085,15306,10487,0.569,0.39,99.9
NC,Haywood,37087,9756,8051,0.52,0.429,99.9
NC,Henderson,37089,21651,13132,0.599,0.363,99.9
NC,Hertford,37091,1861,4377,0.293,0.69,99.9
NC,Hoke,37093,3995,5944,0.387,0.576,99.9
NC,Hyde,37095,793,886,0.447,0.499,99.9
NC,Iredell,37097,31115,16244,0.62,0.324,99.9
NC,Jackson,37099,5032,5179,0.468,0.481,99.9
NC,Johnston,37101,30458,17199,0.613,0.346,99.9
NC,Jones,37103,2019,1719,0.514,0.437,99.9
NC,Lee,37105,7935,6953,0.508,0.445,99.9
NC,Lenoir,37107,9138,8889,0.49,0.477,99.9
NC,Lincoln,37109,15833,6683,0.667,0.281,99.9
NC,McDowell,37111,6894,3386,0.627,0.308,99.9
NC,Macon,37113,6720,4310,0.576,0.369,99.9
NC,Madison,37115,3632,3448,0.481,0.457,99.9
NC,Martin,37117,3667,4296,0.443,0.519,99.9
NC,Mecklenburg,37119,100683,156533,0.381,0.593,99.9
NC,Mitchell,37121,3694,1263,0.714,0.244,99.9
NC,Montgomery,37123,4293,3312,0.534,0.412,99.9
NC,Moore,37125,20360,11273,0.623,0.345,99.9
NC,Nash,37127,16768,16232,0.494,0.478,99.9
NC,New Hanover,37129,31280,31220,0.476,0.475,99.9
NC,Northampton,37131,2106,4362,0.318,0.659,99.9
NC,Onslow,37133,19578,9982,0.631,0.322,99.9
NC,Orange,37135,12721,38470,0.242,0.733,99.9
NC,Pamlico,37137,2997,2184,0.556,0.405,99.9
NC,Pasquotank,37139,4473,5447,0.442,0.539,99.9
NC,Pender,37141,9038,6271,0.556,0.386,99.9
NC,Perquimans,37143,2492,1528,0.608,0.373,99.9
NC,Person,37145,6650,5443,0.526,0.431,99.9
NC,Pitt,37147,20933,22291,0.469,0.5,99.9
NC,Polk,37149,4151,3076,0.553,0.41,99.9
NC,Randolph,37151,26842,8179,0.733,0.223,99.9
NC,Richmond,37153,5626,6439,0.441,0.504,99.9
NC,Robeson,37155,10668,12964,0.436,0.53,99.9
NC,Rockingham,37157,15846,10491,0.57,0.377,99.9
NC,Rowan,37159,23104,13478,0.596,0.348,99.9
NC,Rutherford,37161,11676,6611,0.603,0.341,99.9
NC,Sampson,37163,9262,7392,0.535,0.427,99.9
NC,Scotland,37165,4148,5619,0.411,0.557,99.9
NC,Stanly,37167,12408,5390,0.652,0.283,99.9
NC,Stokes,37169,9461,3737,0.672,0.265,99.9
NC,Surry,37171,12235,5873,0.639,0.307,99.9
NC,Swain,37173,2043,1956,0.469,0.449,99.9
NC,Transylvania,37175,6930,5468,0.531,0.419,99.9
NC,Tyrrell,37177,590,567,0.48,0.462,99.9
NC,Union,37179,37417,19000,0.64,0.325,99.9
NC,Vance,37181,5025,8510,0.36,0.61,99.9
NC,Wake,37183,134132,177207,0.418,0.553,99.9
NC,Warren,37185,622,2023,0.231,0.75,99.9
NC,Washington,37187,1767,2646,0.385,0.576,99.9
NC,Watauga,37189,8640,8002,0.492,0.456,99.9
NC,Wayne,37191,17821,13956,0.543,0.425,99.9
NC,Wilkes,37193,12541,4891,0.678,0.264,99.9
NC,Wilson,37195,11941,13323,0.46,0.514,99.9
NC,Yadkin,37197,8294,2351,0.739,0.209,99.9
NC,Yancey,37199,4316,3441,0.528,0.421,99.9
KS,Allen,20001,"2,491","1,536",0.573,0.353,94
KS,Anderson,20003,"1,527",817,0.612,0.327,94
KS,Atchison,20005,"2,458","1,927",0.527,0.414,94
KS,Barber,20007,"1,183",443,0.701,0.263,94
KS,Barton,20009,"5,316","2,279",0.669,0.287,94
KS,Bourbon,20011,"3,120","1,427",0.643,0.294,94
KS,Brown,20013,"2,043",946,0.652,0.302,94
KS,Butler,20015,"12,175","7,292",0.597,0.358,94
KS,Chase,20017,633,371,0.597,0.35,94
KS,Chautauqua,20019,831,218,0.757,0.199,94
KS,Cherokee,20021,"3,609","1,772",0.619,0.304,94
KS,Cheyenne,20023,823,196,0.785,0.187,94
KS,Clark,20025,593,174,0.74,0.217,94
KS,Clay,20027,"2,119",861,0.682,0.277,94
KS,Cloud,20029,"2,093",889,0.665,0.282,94
KS,Coffey,20031,"2,001",934,0.646,0.302,94
KS,Comanche,20033,479,159,0.71,0.236,94
KS,Cowley,20035,"5,214","3,871",0.541,0.402,94
KS,Crawford,20037,"5,003","4,383",0.493,0.432,94
KS,Decatur,20039,941,230,0.772,0.189,94
KS,Dickinson,20041,"4,069","1,899",0.647,0.302,94
KS,Doniphan,20043,"1,554",550,0.694,0.246,94
KS,Douglas,20045,"10,857","24,391",0.297,0.668,94
KS,Edwards,20047,791,293,0.7,0.259,94
KS,Elk,20049,670,311,0.629,0.292,94
KS,Ellis,20051,"6,070","3,628",0.599,0.358,94
KS,Ellsworth,20053,"1,396",738,0.621,0.328,94
KS,Finney,20055,"4,317","1,948",0.659,0.297,94
KS,Ford,20057,"4,020","1,771",0.668,0.294,94
KS,Franklin,20059,"4,319","2,964",0.558,0.383,94
KS,Geary,20061,"2,711","1,923",0.558,0.396,94
KS,Gove,20063,850,228,0.757,0.203,94
KS,Graham,20065,793,297,0.698,0.261,94
KS,Grant,20067,"1,252",399,0.723,0.23,94
KS,Gray,20069,"1,184",345,0.742,0.216,94
KS,Greeley,20071,424,113,0.753,0.201,94
KS,Greenwood,20073,"1,391",636,0.639,0.292,94
KS,Hamilton,20075,529,147,0.759,0.211,94
KS,Harper,20077,"1,330",531,0.671,0.268,94
KS,Harvey,20079,"6,007","4,906",0.53,0.433,94
KS,Haskell,20081,797,181,0.791,0.18,94
KS,Hodgeman,20083,570,165,0.755,0.219,94
KS,Jackson,20085,"2,513","1,988",0.531,0.42,94
KS,Jefferson,20087,"3,367","2,832",0.521,0.439,94
KS,Jewell,20089,844,218,0.76,0.196,94
KS,Johnson,20091,"93,497","91,067",0.494,0.481,94
KS,Kearny,20093,752,212,0.757,0.213,94
KS,Kingman,20095,"1,841",868,0.649,0.306,94
KS,Kiowa,20097,677,177,0.771,0.202,94
KS,Labette,20099,"3,152","2,059",0.565,0.369,94
KS,Lane,20101,563,152,0.767,0.207,94
KS,Leavenworth,20103,"10,303","8,468",0.524,0.431,94
KS,Lincoln,20105,913,295,0.725,0.234,94
KS,Linn,20107,"1,992",959,0.636,0.306,94
KS,Logan,20109,794,199,0.762,0.191,94
KS,Lyon,20111,"4,176","4,133",0.48,0.475,94
KS,McPherson,20113,"5,933","3,540",0.596,0.355,94
KS,Marion,20115,"2,807","1,346",0.643,0.308,94
KS,Marshall,20117,"2,215","1,287",0.606,0.352,94
KS,Meade,20119,"1,042",308,0.744,0.22,94
KS,Miami,20121,"6,019","3,959",0.58,0.382,94
KS,Mitchell,20123,"1,610",491,0.734,0.224,94
KS,Montgomery,20125,"5,914","2,173",0.698,0.256,94
KS,Morris,20127,"1,164",717,0.583,0.359,94
KS,Morton,20129,670,168,0.768,0.193,94
KS,Nemaha,20131,"2,848","1,126",0.685,0.271,94
KS,Neosho,20133,"2,864","1,540",0.605,0.325,94
KS,Ness,20135,899,219,0.776,0.189,94
KS,Norton,20137,"1,328",385,0.738,0.214,94
KS,Osage,20139,"3,160","2,240",0.554,0.392,94
KS,Osborne,20141,"1,026",328,0.719,0.23,94
KS,Ottawa,20143,"1,664",501,0.724,0.218,94
KS,Pawnee,20145,"1,357",688,0.636,0.323,94
KS,Phillips,20147,"1,889",492,0.757,0.197,94
KS,Pottawatomie,20149,"5,342","2,303",0.669,0.288,94
KS,Pratt,20151,"1,955","1,003",0.629,0.323,94
KS,Rawlins,20153,908,171,0.808,0.152,94
KS,Reno,20155,"10,298","7,261",0.557,0.393,94
KS,Republic,20157,"1,386",477,0.709,0.244,94
KS,Rice,20159,"1,868",924,0.635,0.314,94
KS,Riley,20161,"7,587","6,922",0.507,0.462,94
KS,Rooks,20163,"1,479",387,0.747,0.195,94
KS,Rush,20165,878,362,0.673,0.277,94
KS,Russell,20167,"1,724",697,0.676,0.273,94
KS,Saline,20169,"6,529","4,769",0.548,0.4,94
KS,Scott,20171,"1,346",292,0.783,0.17,94
KS,Sedgwick,20173,"71,018","60,902",0.511,0.438,94
KS,Seward,20175,"2,346",708,0.733,0.221,94
KS,Shawnee,20177,"26,163","32,081",0.432,0.53,94
KS,Sheridan,20179,809,200,0.774,0.191,94
KS,Sherman,20181,"1,490",425,0.751,0.214,94
KS,Smith,20183,"1,257",363,0.736,0.213,94
KS,Stafford,20185,"1,019",419,0.676,0.278,94
KS,Stanton,20187,538,119,0.787,0.174,94
KS,Stevens,20189,"1,082",232,0.785,0.168,94
KS,Sumner,20191,"4,217","2,614",0.579,0.359,94
KS,Thomas,20193,"1,879",610,0.724,0.235,94
KS,Trego,20195,795,307,0.681,0.263,94
KS,Wabaunsee,20197,"1,728",896,0.619,0.321,94
KS,Wallace,20199,530,67,0.863,0.109,94
KS,Washington,20201,"1,652",492,0.732,0.218,94
KS,Wichita,20203,623,115,0.81,0.15,94
KS,Wilson,20205,"1,795",653,0.692,0.252,94
KS,Woodson,20207,668,304,0.632,0.288,94
KS,Wyandotte,20209,"8,719","17,599",0.315,0.635,94